Message,Category,,,,,,,,,,,,,,,,
"""बधाई हो! हमने सीरीज़ B फ़ंडिंग में $29 मिलियन जुटाए। अब आपके लिए नया Liner AI सर्च इंजन लेकर आए हैं। एक क्लिक में विश्वसनीय शैक्षिक सामग्री पाएं और डेटा विज़ुअलाइज़ेशन का लाभ उठाएं। अभी Liner प्राप्त करें!""",spam,,,,,,,,,,,,,,,,
"अंतिम मौका! संचार मास्टरक्लास पर 70% की छूट, सिर्फ ₹1999 में। 12 घंटे बाकी, THINK1000 कोड का उपयोग करें। 13+ घंटे का वीडियो कंटेंट, लाइव सेशंस और 100% मनी-बैक गारंटी। जल्दी करें!",spam,,,,,,,,,,,,,,,,
"फिटनेस पर 60% छूट! अपनी प्रीमियम मेंबरशिप अपग्रेड करें और बेहतरीन परिणाम देखें। डम्बल वेरिएशन चेस्ट वर्कआउट, स्क्वाट्स मास्टरी और अल्टीमेट लेग स्ट्रेंथ प्रोग्राम। अभी ट्राई करें!",spam,,,,,,,,,,,,,,,,
"Alibaba.com पर थोक में खरीदें। फैशन, प्लेड ड्रेस, स्पोर्ट्सवियर और अधिक। सबसे अच्छे दामों में 1 साल की गारंटी के साथ! अभी एक्सप्लोर करें और अपने बिजनेस के लिए सर्वश्रेष्ठ डील पाएं।",spam,,,,,,,,,,,,,,,,
अपने आप को सरकारी एजेंसीयों/रिज़र्व बैंक (RBI) के अधिकारी बताकर पैसे ट्रांसफ़र करने की मांग करने वाले साइबर अपराधियों के कॉल से सावधान रहें। 1930 पर कॉल करें या cybercrime.gov.in पर रिपोर्ट करें। -RBI,ham,,,,,,,,,,,,,,,,
ट्राई मोबाइल नंबरों के सत्यापन / डिस्कनेक्ट के लिए कभी भी संदेश या कॉल नहीं भेजता है। ऐसा मैसेज/कॉल संभावित धोखाधड़ी के हो सकते हैं और इसे दूरसंचार विभाग के चक्षु मॉड्यूल https://sancharsaathi.gov.in/sfc  के माध्यम से सूचित करें। धोखाधड़ी के किसी भी ऐसे दुर्भाग्यपूर्ण शिकार को 1930 या MoHA के cybercrime.gov.in पर रिपोर्ट करें,ham,,,,,,,,,,,,,,,,
Jio के साथ जुड़े रहें और Jio की विश्व स्तरीय सेवाओं का आनंद लेते रहें जो आज भी सबसे किफ़ायती है,ham,,,,,,,,,,,,,,,,
बेमिसाल तथा बेजोड़ सेवाओं के साथ भारत के एकमात्र सच्चे 5G नेटवर्क का अनुभव करें। मात्र Rs. 349 प्रति महीने से शुरू होकर असीमित 5G डेटा का आनंद लें। साथ ही अन्य ऑपरेटरों की तुलना में हर महीने 20% तक की बचत करें,ham,,,,,,,,,,,,,,,,
"केन्द्र सरकार/पी.एस.यू /बैंक इत्यादि के अधिकारियों/कर्मचारियों द्वारा रिश्वत-की मांग करने पर उनके विरुद्ध शिकायत दर्ज करने हेतु सी.बी.आई./ए.सी.बी., रांची के दूरभाष नं. 9470590422 पर संपर्क करें। - CBI Ranchi",ham,,,,,,,,,,,,,,,,
"प्रिय यात्री,
आप अपनी KQR यात्रा के दौरान ट्रेन की सीट पर खाना मंगवा सकते हैं IRCTC ई-केटरिंग से: https://ir-ctc.in/IRCTCR/6743311790 -IRCTC",ham,,,,,,,,,,,,,,,,
 Heroic Store - Heroic ब्रांड के सारे प्रोडक्ट्स पाएं! 📦📱 स्मार्टफोन के प्रभाव के बारे में जानें! कोयल पक्षी की तरह स्मार्टफोन आपके जीवन से क्या चुरा रहे हैं? जानने के लिए अगले +1 का इंतजार करें!,spam,,,,,,,,,,,,,,,,
"प्रिय गृहस्वामी, आपकी ब्याज दर ज्यादा है! अब 3.39% दर पर लॉक करें और हजारों रुपये बचाएं। कोई बाध्यता नहीं है!                      अभी क्लिक करें!",spam,,,,,,,,,,,,,,,,
मुझे एक नई साइट मिली है जिसने मेरी समस्या हल कर दी। देखें: http://ns2.herbalonline.biz/en/10/?aff_id=00450 - अपने विचार बताएं!,spam,,,,,,,,,,,,,,,,
"वजन कम करना चाहते हैं? 🌿 सबसे शक्तिशाली प्राकृतिक एडिप्रेन 720 लें! 100% मनी-बैक गारंटी, पेट की चर्बी घटाएं और बिना व्यायाम के मेटाबोलिक रेट बढ़ाएं! http://adiprenl2.com",spam,,,,,,,,,,,,,,,,
"विज्ञापन 2,000 साइटों पर मुफ्त में लगाएं! सीमित समय के लिए टेलीसम्मेलन। ऑनलाइन मार्केटिंग के रहस्य सीखें। आज ही रिजर्व करें!",spam,,,,,,,,,,,,,,,,
"आपके Jio नंबर 8789376023  के प्लान की वैधता जल्द ही समाप्त हो जाएगी| रीचार्ज करें Rs.899 से  और पायें आसिमित वॉइस कॉल्स, 2 GB प्रतिदिन & असीमित 5G डेटा 90 दिनों के लिए| रीचार्ज के लिए क्लिक करें www.jio.com/r/zT6DmRaxb | नियम व शर्तें लागू",ham,,,,,,,,,,,,,,,,
"प्रिय ग्राहक, PNR 6442786149; PA इंश्योरेंस प्रमाणपत्र/प्रमाणपत्र मेल किए गए हैं; प्रीमियम ₹0.45। पॉलिसी के लिए और नॉमिनी अपडेट करने हेतु https://irctc.royalsundaram.in पर जाएं।",ham,,,,,,,,,,,,,,,,
"प्रिय ग्राहक, आपके पास +91XXXX123801 से 2 मिस्ड कॉल हैं। आखिरी मिस्ड कॉल 16-अक्टूबर-2024 को सुबह 09:25 बजे आई थी। धन्यवाद, टीम जियो।",ham,,,,,,,,,,,,,,,,
कृपया यह कोड केवल तभी साझा करें जब आपका ऑर्डर डिलीवर हो जाए : 8634। स्विग्गी ऑर्डर 187955932954120 KFC से।,ham,,,,,,,,,,,,,,,,
आर्टिकल नंबर: CJ063278334IN को UMA SANKARPA (बीट नंबर: B1) द्वारा 14/10/2024 को 15:19:10 पर डिलीवर किया गया - भारतीय डाक।,ham,,,,,,,,,,,,,,,,
आप जल्दी क्यों कहते हो... पहले देख लो फिर कहना...,ham,,,,,,,,,,,,,,,,
Volume 4: 'K' से शुरू होने वाले हित्ती शब्दों का संकलन 📚 - प्राचीन निकट पूर्वी भाषा और इंडो-यूरोपियन अध्ययन के लिए महत्वपूर्ण! अभी खरीदें DM 248 में! ISBN 3-11-015491-9,spam,,,,,,,,,,,,,,,,
"आयकर ई-फाइलिंग से लाखों कमाने का मौका! 💵 सिर्फ $199 के निवेश से शुरू करें, सॉफ्टवेयर और सभी उपकरण शामिल! H&R Block जैसी बड़ी कंपनियों की तरह सफल बनें! बिना अनुभव के भी IRS-प्राधिकृत ई-फाइलर बनें। जल्दी करें, ऑफर सीमित समय के लिए है!",spam,,,,,,,,,,,,,,,,
मैं बाद में आपको कॉल करता हूँ।,ham,,,,,,,,,,,,,,,,
"नमस्ते रंजन कुमार, आपके स्विगी ऑर्डर 187261439871224 में गलत आइटम के क्लेम पर अपडेट है। अधिक जानकारी के लिए आपके रजिस्टर्ड ईमेल आईडी पर मेल भेजी गई है।",ham,,,,,,,,,,,,,,,,
₹270.00 आपके खाते से UPI के माध्यम से दिनांक 07-10-2024 को 14:34:14 बजे VPA swiggy@yespay को डेबिट किए गए हैं। रेफ नं 902829702814। छोटे लेनदेन के लिए UPI Lite का उपयोग करें! - फ़ेडरल बैंक,ham,,,,,,,,,,,,,,,,
"सावधान! आपने ई-कॉमर्स/बैंकिंग और अन्य सेवाओं से जुड़े OTPs और SMS मिस किए हैं। इन्हें फिर से प्राप्त करने के लिए सुझाए गए पैक्स से रिचार्ज करें।
अधिक जानकारी के लिए: https://vi.app.link/rcir",ham,,,,,,,,,,,,,,,,
"प्रिय ग्राहक, Myntra के साथ शॉपिंग करने के लिए धन्यवाद। यह एक महत्वपूर्ण संदेश है। हम आपको सूचित करना चाहते हैं कि आपके ऑर्डर की डिलीवरी में थोड़ी देरी हो रही है। कृपया आश्वस्त रहें, हमने आपकी डिलीवरी को प्राथमिकता दी है और हमारी टीम इसे अगले 72 घंटों के भीतर आपके पास पहुंचाने के लिए सक्रिय रूप से काम कर रही है। आप कभी भी Myntra ऐप पर अपने ऑर्डर को ट्रैक कर सकते हैं। आपकी ओर से किसी भी कार्रवाई की आवश्यकता नहीं है। आपके धैर्य और समझ के लिए हम आभारी हैं।",ham,,,,,,,,,,,,,,,,
"बेहतर स्वास्थ्य चाहिए? 🎉 बिना डॉक्टर की पर्ची के दवाएँ पाएं - इरेक्शन ट्रीटमेंट, वजन घटाने की दवाइयाँ और बहुत कुछ। ऑर्डर करें: [लिंक पर क्लिक करें] 100% मनी बैक गारंटी!",spam,,,,,,,,,,,,,,,,
आपके लिए विशेष ऑफर! ✨ हमारे अदेनोसिन रबिन और स्वास्थ्य बूस्टर के साथ चमक उठें! सीमित समय के लिए - जल्दी करें! [अभी ऑर्डर करें],spam,,,,,,,,,,,,,,,,
"इन्वेस्टमेंट का मौका! 💸 Gaming Transactions Inc. (GGTS) में निवेश करें। शॉर्ट-टर्म टार्गेट: $0.45, लॉन्ग-टर्म: $1.00। ऑनलाइन गेमिंग में तेजी से बढ़ रहा है! निवेश करें और कमाएँ।",spam,,,,,,,,,,,,,,,,
"बेस्ट सॉफ्टवेयर डील! 💻 Windows XP, Photoshop, Office और बहुत कुछ - केवल $60 में। जल्दी कीजिए, स्टॉक सीमित है! [अभी ऑर्डर करें और बचत का लाभ उठाएँ]",spam,,,,,,,,,,,,,,,,
"प्रिय SunTrust ग्राहक, आपके ऑनलाइन बैंकिंग के लिए जरूरी सिक्योरिटी अपडेट। अपने ब्राउज़र को तुरंत अपडेट करें और सुरक्षित रहें। SunTrust इंटरनेट बैंकिंग टीम",spam,,,,,,,,,,,,,,,,
उत्तेजना और जोश में रहें! 💥 Cialis से यौन जीवन को बेहतर बनाएं - मजबूत और लंबा अनुभव। अधिक जानकारी के लिए विजिट करें: [लिंक पर क्लिक करें],spam,,,,,,,,,,,,,,,,
PNR 6442786149 की टिकट रद्द कर दी गई है। राशि ₹120.36 का रिफंड 3-4 दिनों के भीतर आपके खाते में वापस किया जाएगा। कृपया उस खाते या साधन की जांच करें जिससे यह टिकट बुक की गई थी। - IRCTC,ham,,,,,,,,,,,,,,,,
"खेद है, आपका 127937106803766176103 ऑर्डर देर से आ रहा है! इसे पहुंचाने में अपेक्षा से अधिक समय लग रहा है, लेकिन हम इसे 72 घंटे के भीतर पहुंचाने के लिए अपनी पूरी कोशिश कर रहे हैं। आपके धैर्य के लिए धन्यवाद! - टीम Myntra",ham,,,,,,,,,,,,,,,,
आर्डर ट्रैकिंग: आपके लिए NIRLON स्टा...+2 के Flipkart ऑर्डर को ट्रैक करने के लिए लिंक Ranjan द्वारा भेजा गया है। यहां ट्रैक करें: http://fkrt.it/FLPKRT/5dMJ4huuuN,ham,,,,,,,,,,,,,,,,
"
आर्डर ट्रैकिंग: आपके लिए POCO M6 5G के Flipkart ऑर्डर को ट्रैक करने के लिए लिंक Ranjan द्वारा भेजा गया है। यहां ट्रैक करें: http://fkrt.it/FLPKRT/v1o0TWNNNN",ham,,,,,,,,,,,,,,,,
हमें उम्मीद है कि आप हमारे JioFiber सेवाओं का आनंद ले रहे हैं। कृपया अपने अनुभव को साझा करने के लिए इस लिंक पर क्लिक करें: www.jio.com/r/zTqkAAgO9। टीम JioFiber,ham,,,,,,,,,,,,,,,,
"प्रिय ग्राहक, MyJio ऐप का सक्रिय उपयोगकर्ता होने के लिए धन्यवाद। हम आपके फीडबैक को जानने के लिए उत्सुक हैं, ताकि हम आपके डिजिटल अनुभव को बेहतर बना सकें। अपने फीडबैक को साझा करने के लिए कृपया इस लिंक पर क्लिक करें: www.jio.com/r/zRKnZzPdB। धन्यवाद, टीम JioFiber",ham,,,,,,,,,,,,,,,,
"प्रिय ग्राहक, हम Jio नेटवर्क पर आपके अनुभव को और बेहतर कैसे बना सकते हैं, यह बताने के लिए www.jio.com/r/zRcOHbi9B पर क्लिक करें। धन्यवाद, टीम Jio",ham,,,,,,,,,,,,,,,,
"अच्छा! मैं  तुम्हारे साथ हूँ :)





",ham,,,,,,,,,,,,,,,,
चेतावनी! सरकार मुझे अंडरग्राउंड सीडी बेचने से रोकना चाहती है! जानें बैनड सीडी 2004 के बारे में: [लिंक पर जाएं] बिना पहचान के!,spam,,,,,,,,,,,,,,,,
"80% छूट! स्मार्ट इंक सिस्टम अब उपलब्ध! चूकिए मत, अभी विजिट करें: [लिंक पर क्लिक करें]",spam,,,,,,,,,,,,,,,,
बिना दर्द के जीने का मौका! विशेष कीमतों पर दर्द निवारक दवाएँ! आज ही खरीदें - सीमित उपलब्धता!,spam,,,,,,,,,,,,,,,,
"Cialis, Valium, Viagra, Xanax – बेहद कम कीमत पर! बिना प्रिस्क्रिप्शन के! आज ही छूट पाने के लिए क्लिक करें!",spam,,,,,,,,,,,,,,,,
"हे, मेरे प्रोफाइल पर नई तस्वीरें हैं! वेबकैम पर आकर देखो: [लिंक पर क्लिक करें] जल्दी ऑनलाइन जुड़ें!",spam,,,,,,,,,,,,,,,,
गोपनीय व्यापार प्रस्ताव - 8 मिलियन डॉलर का लाभ! क्या आप लाभार्थी बनना चाहेंगे? अधिक जानकारी के लिए संपर्क करें। गोपनीयता सुनिश्चित है!,spam,,,,,,,,,,,,,,,,
"PNR: 6743311790, ट्रैन नंबर: 12175, यात्रा की तारीख: 30-10-24, क्लास: 3A, HWH-KQR, डिपार्चर: 17:45, केवल HWH से बोर्डिंग,
रंजन कुमार, WL 30,
भाड़ा: 705, सेवा शुल्क: 23.6 + PG
QR कोड लिंक: qr.indianrail.go - IRCTC",ham,,,,,,,,,,,,,,,,
"नमस्ते रंजन, IndiGo BluChip में आपका स्वागत है, जो सबसे सहज और सरल लॉयल्टी प्रोग्राम है। आपका IndiGo BluChip खाता पूरी तरह से सेटअप हो चुका है और आपका सदस्यता संख्या है: 010941836, टियर स्तर: ब्लू 3।
अधिक जानकारी के लिए अपने IndiGo BluChip खाते में लॉगिन करें: https://gi9.in/IndiGo/aLAoxB।
सादर,
IndiGo BluChip।",ham,,,,,,,,,,,,,,,,
"रिचार्ज सफल!
योजना नाम: 249.00
जियो नंबर: 8789376023.
अधिकार:
लाभ: अनलिमिटेड वॉयस, अनलिमिटेड डेटा - 28GB (1GB/दिन), 100 SMS/दिन और जियो ऐप्स की सदस्यता। वैधता - 28 दिन
लेन-देन आईडी: BR000BE91HOW
योजना विवरण देखें - https://www.jio.com/dl/my_plans
हमारे साथ अपने हालिया रिचार्ज अनुभव को साझा करें - https://www.jio.com/en-in/jio-rech-exp-survey?custid=BR000BE91HOW",ham,,,,,,,,,,,,,,,,
डिलिवरी के लिए पिजन इनॉक्स हाइड्रा 900 मील बोतल (फ्लिपकार्ट से AWB 5964865354840) का OTP 1088 साझा करें। ट्रैक करें @ https://www.delhivery.com - डिलिवरी,ham,,,,,,,,,,,,,,,,
"खाता ***** से 28-10-2024 को 18:23:43 पर मोब बैंक द्वारा ₹30.00 का डेबिट किया गया। संदर्भ संख्या 733628127882। उपलब्ध शेष राशि ₹1189.90। यदि यह आप नहीं हैं, तो कॉल करें 1800222243 - यूनियन बैंक ऑफ इंडिया।",ham,,,,,,,,,,,,,,,,
खाता 9134 में 09-10-2024 को 18:18:27 पर मोब बैंक द्वारा ₹1000.00 जमा किया गया। संदर्भ संख्या 428390993942। उपलब्ध शेष राशि ₹5284.35। कभी भी OTP/PIN/CVV साझा न करें - यूनियन बैंक ऑफ इंडिया।,ham,,,,,,,,,,,,,,,,
"आपने BHIM SBI Pay ऐप के लिए UPI PIN सफलतापूर्वक सेट कर लिया है। यदि यह आप नहीं हैं, तो तुरंत अपनी शाखा पर जाएं या हमें support.upi@sbi.co.in पर मेल करें।",ham,,,,,,,,,,,,,,,,
"इंडिगो: प्रिय यात्री, आपका इंडिगो PNR EQLM3L है - 6E 2516, 30 अक्टूबर, IXS-CCU 1350-1510 घंटे। कृपया वेब चेक-इन करें: https://gs.im/IndiGo/n/jClM8VLgPJ6। पावर बैंक, लिथियम बैटरियां, पोर्टेबल मोबाइल चार्जर और लैपटॉप केवल हैंड बैगेज में ले जाने की अनुमति है। यदि एक्स-रे में पकड़े जाते हैं, तो आपका चेक-इन बैगेज फ्लाइट पर लोड नहीं किया जाएगा और इसकी आगे जांच की जा सकती है। प्रतिबंधित वस्तुओं की विस्तृत सूची के लिए कृपया यहां क्लिक करें: https://gs.im/IndiGo/n/jClKiSjvVVr। ",ham,,,,,,,,,,,,,,,,
"जैसे ही हम छठ पूजा के पावन पर्व की तैयारी कर रहे हैं, जहाँ हम सूर्य देवता और छठी मईया की आराधना कर स्वास्थ्य, समृद्धि और कल्याण की कामना करते हैं, हम आपको आमंत्रित करते हैं कि आप हमारे कॉमन व्हाट्सएप ग्रुप से जुड़ें। इसमें सभी कार्यक्रमों और अनुष्ठानों के नियमित अपडेट और समन्वय की जानकारी प्राप्त होगी।",ham,,,,,,,,,,,,,,,,
"रॉयल रेप्लिकाज | असली दिखने वाले नकली ब्रांडेड घड़ियों का अब सीधा ऑफर!**
क्या आपने कभी रोलेक्स, ओमेगा या रिचर्ड मिल जैसी घड़ियों का सपना देखा है? अब आपके पास मौका है!
100% असली जैसी दिखने वाली घड़ियाँ थोक भाव में उपलब्ध, सीमित समय के लिए।
मात्र ₹4,999 में पाएं वो जो आपने हमेशा चाहा है। अधिक जानकारी के लिए यहाँ क्लिक करें: [लिंक]",spam,,,,,,,,,,,,,,,,
"अब फिल्मों के लिए पैसे क्यों खर्च करें?
सभी नई मूवी रिलीज, लाइव इवेंट्स, क्रिकेट मैच, और यहां तक कि वयस्क सामग्री भी मुफ्त में देखें!
शर्त सिर्फ एक: आपके पास केबल कनेक्शन होना चाहिए।
बस इस स्पेशल डिवाइस को खरीदें और हर महीने ₹5,000 से भी ज्यादा की बचत करें।
मात्र ₹1,499 में असीमित मनोरंजन का अनुभव लें। यहाँ क्लिक करें: [लिंक]",spam,,,,,,,,,,,,,,,,
"क्या तनाव से मुक्ति पाना चाहते हैं?
भारत के 40 लाख लोग अब हमारी नयी ‘शांति पिल्स’ पर भरोसा करते हैं!
प्राकृतिक अवयवों से बनी यह दवा आपका तनाव और चिंता कम करने में मदद करती है।
अभी पाएं, केवल ₹499 में, और जीवन का आनंद लें।
यदि आप आगे के ईमेल नहीं चाहते, तो यहाँ क्लिक करें: [लिंक]",spam,,,,,,,,,,,,,,,,
"बधाई हो! आपका ₹2,00,000 का बिना ब्याज का लोन अप्रूव हो चुका है!
प्रिय ग्राहक,
आपके नाम पर विशेष ऑफर में ₹2,00,000 तक का 0% ब्याज वाला लोन स्वीकृत हो गया है।
इस मौके का फायदा उठाएं और आर्थिक आज़ादी प्राप्त करें। अब आवेदन करें: [लिंक]
यह ऑफर केवल अगले 24 घंटे के लिए है, जल्दी करें!",spam,,,,,,,,,,,,,,,,
"मैं लंच खत्म करके सीधा नीचे जाऊंगा, शायद 3 बजे के आसपास। तुमने अपना लंच खत्म कर लिया?",ham,,,,,,,,,,,,,,,,
"हाहा, तुम हमेशा बहुत भरोसेमंद लगते हो। 😄",ham,,,,,,,,,,,,,,,,
हैलो! कैसे हो तुम? और शनिवार कैसा गया? बस चेक कर रहा था कि तुमने कुछ करने का प्लान बनाया या नहीं... 😊,ham,,,,,,,,,,,,,,,,
" नया ऑफर – आपके अकाउंट में ₹5 लाख तक का क्रेडिट लिमिट अप्रूव!
प्रिय ग्राहक,
बधाई हो! आपके नाम पर ₹5 लाख तक का क्रेडिट लिमिट अप्रूव हो गया है। इस ऑफर का लाभ उठाने के लिए, कृपया अपने खाता विवरण साझा करें और हमारा फॉर्म भरें।
यह ऑफर केवल अगले 72 घंटों के लिए मान्य है। अपना क्रेडिट हासिल करने के लिए तुरंत प्रतिक्रिया दें।
धन्यवाद,
फाइनेंस टीम",spam,,,,,,,,,,,,,,,,
"फ्री मोबाइल रिचार्ज ऑफर - ₹100 का रिचार्ज पाएं
प्रिय उपयोगकर्ता,
आपके नंबर पर फ्री ₹100 का मोबाइल रिचार्ज उपलब्ध है। यह सिर्फ आपके लिए विशेष ऑफर है!
बस अपने बैंक अकाउंट डिटेल्स और मोबाइल नंबर हमें भेजें और अपने रिचार्ज का लाभ उठाएं।
यह ऑफर सीमित समय के लिए है, जल्दी करें। अब दावा करें: [लिंक]",spam,,,,,,,,,,,,,,,,
"आपका अंतिम भुगतान प्रयास रु. 249.00, 25 अक्टूबर 2024 को 12:48:36 PM में जियो नंबर 8789376023 के लिए असफल रहा। कृपया फिर से प्रयास करें।
लेन-देन आईडी: BR000BE90IFS.
यदि आपके खाते से कोई राशि काटी गई है, तो यह अपने आप आपके बैंक/कार्ड/वॉलेट द्वारा 10 दिनों के भीतर वापस की जाएगी।",ham,,,,,,,,,,,,,,,,
"
प्रिय यात्री,
आप अपनी KQR यात्रा के दौरान ट्रेन की सीट पर खाना मंगवा सकते हैं IRCTC ई-केटरिंग से: https://ir-ctc.in/IRCTCR/6743311790 -IRCTC",ham,,,,,,,,,,,,,,,,
"आपके खाते में ₹500 का रिफंड पेंडिंग है!
प्रिय ग्राहक,
हाल ही में आपके मोबाइल बिल में कुछ ओवरचार्ज हुआ था। हम आपको ₹500 का रिफंड देने के लिए तैयार हैं।
बस अपना बैंक अकाउंट नंबर और मोबाइल नंबर यहाँ दर्ज करें: [लिंक]
ध्यान दें, यह ऑफर केवल अगले 48 घंटों के लिए मान्य है। जल्दी करें!",spam,,,,,,,,,,,,,,,,
"
03:15 PM पर खेलने चलते हैं।
थोड़ी प्रैक्टिस भी हो जाएगी।
मौसम भी ठीक है।",ham,,,,,,,,,,,,,,,,
"CSS ओलंपिक्स (दूसरा दिन - 26/10/2024)
शेड्यूल:

क्रिकेट: सुबह 6:00 बजे से (क्रिकेट ग्राउंड)
बैडमिंटन: सुबह 10:00 बजे से (SAC बिल्डिंग)
चेस: सुबह 10:00 बजे से (SAC बिल्डिंग)
रिले रेस: दोपहर 2:30 बजे से (फुटबॉल ग्राउंड)
नोट: समय पर पहुंचें, देरी होने पर अयोग्यता का सामना करना पड़ सकता है।",ham,,,,,,,,,,,,,,,,
छठ पूजा के अवसर पर सामूहिक कार्य के लिए इस समूह में शामिल हों!,ham,,,,,,,,,,,,,,,,
"प्रिय सभी M.Tech छात्रगण,
आपको सूचित किया जाता है कि 21 अक्टूबर 2024 (सोमवार) से CSE कार्यालय में सुबह 9 बजे से 10 बजे के बीच अपनी उपस्थिति दर्ज करने की अनुमति दी जाएगी।",ham,,,,,,,,,,,,,,,,
"विषय: बधाई हो! आपका चयन ₹50,000 कैश इनाम के लिए हुआ है – जल्द प्रतिक्रिया दें
प्रिय ग्राहक,
हमारे सिस्टम ने आपको लकी ड्रा में चुना है, और अब आपके पास ₹50,000 नकद जीतने का सुनहरा मौका है! यह ऑफर हमारे सबसे वफादार ग्राहकों के लिए है, और आपको केवल अपनी बैंक जानकारी और पहचान पत्र भेजकर इस राशि का दावा करना है।
ध्यान दें, यह ऑफर केवल 24 घंटों के लिए है। अधिक विलंब होने पर आपके इनाम का दावा रद्द किया जा सकता है। यदि आप तुरंत प्रतिक्रिया देते हैं, तो हम आपके खाते में राशि ट्रांसफर कर देंगे।
धन्यवाद,
इनाम वितरण टीम
[लिंक]",spam,,,,,,,,,,,,,,,,
आपको एवं आपके परिवार को दिवाली की बहुत बहुत शुभकामनाएँ 🙏🏻,ham,,,,,,,,,,,,,,,,
"अरे, कोई नहीं भाई!",ham,,,,,,,,,,,,,,,,
"
सुनिए सभी,

डोनेशन ड्राइव में आपके योगदान और मेहनत के लिए दिल से बहुत-बहुत धन्यवाद! आप सबके सहयोग की वजह से ही हम इसे सफल बना पाए।
सभी का धन्यवाद!!",ham,,,,,,,,,,,,,,,,
"नहाय-खाय से प्रारंभ होता पुण्य अनुष्ठान महान,
स्नान-संयम से संचित होता भक्ति का अद्भुत विधान।
गंगाजल से शुद्धि का यह प्रथम सोपान चढ़ता,
हर भक्त का मन आस्था के सागर में डूबकर बढ़ता।

जय छठी मैया 🙏",ham,,,,,,,,,,,,,,,,
कल सुबह ठीक 6 बजे... मैं चाहता हूँ कि सब समय पर पहुंचें।,ham,,,,,,,,,,,,,,,,
"कपीवा का पार्सल आएगा...
ओटीपी है। 
आन्या पे कॉल करेगा।",ham,,,,,,,,,,,,,,,,
"
Ekart अपडेट: हमने आपकी शिपमेंट MYEC1030952828 के लिए आपसे संपर्क करने की कोशिश की। कृपया आज ही डिलीवरी एग्जीक्यूटिव को 03340537777 पर कॉल करें, PIN 257।",ham,,,,,,,,,,,,,,,,
"क्या आप एक हॉट डेट के लिए तैयार हैं?
क्या आप एक अद्भुत डेटिंग अनुभव की तलाश कर रहे हैं? हमारे साथ जुड़ें और अपनी सपनों की रात का आनंद लें!
हमारी साइट पर सबसे हॉट डेटिंग विकल्प उपलब्ध हैं।
क्लिक करें और जानें कैसे आप अपनी इच्छाओं को पूरा कर सकते हैं! क्या आप अपनी हॉट डेट के लिए तैयार हैं?",spam,,,,,,,,,,,,,,,,
"
प्रिय ग्राहक, आपने हाल ही में VYOM में उपयोगकर्ता 91xxxxxx023 के लिए 2 असफल लॉगिन प्रयास किए हैं, दिनांक 04-नवंबर-2024 को, समय 15:53:57.478। किसी भी प्रश्न के लिए कृपया 1800222244 पर संपर्क करें। शर्तें लागू - यूनियन बैंक ऑफ इंडिया",ham,,,,,,,,,,,,,,,,
"प्रिय एसबीआई यूज़र, आपके खाते X9134 में रु.1500 जमा किए गए हैं दिनांक 04 नवंबर 2024 को, ट्रांसफरकर्ता: गीता देवी, संदर्भ संख्या: 430984880270 -एसबीआई",ham,,,,,,,,,,,,,,,,
"माफ़ कीजिए, मैं बाद में कॉल करूँगा, अभी मीटिंग में हूँ।",ham,,,,,,,,,,,,,,,,
"हाहा, अच्छा मजाक है। लड़कियाँ परिस्थितियों की तलाश करती हैं।",ham,,,,,,,,,,,,,,,,
"बधाई हो, प्रिय सदस्य!
राकेल का कैसीनो, इंक। एक भाग्यशाली सदस्य को क्रूज यात्रा + $300 जीतने का मौका दे रहा है! भाग लेने के लिए कोई खरीदारी की आवश्यकता नहीं! महीने के अंत से पहले जुड़ें और अपने भाग्य का परीक्षण करें!
जुड़ें:
http://www.raquelscasino.com (कैसीनो)
http://www.tobet.com (स्पोर्ट्सबुक)

विशेष लाभ:

क्रूज और $300 जीतने का सुनहरा अवसर!
10% साइन-अप बोनस!
मुफ्त कैसीनो सॉफ्टवेयर!
25 अद्भुत कैसीनो गेम्स!
अंतर्राष्ट्रीय स्पोर्ट्सबुक!
मजे के लिए खेलें या असली पैसे के लिए!
हमारा कैसीनो सुरक्षित और बीमित है।
धन्यवाद और शुभकामनाएँ!",spam,,,,,,,,,,,,,,,,
हाँ...गौति और सहवाग वनडे सीरीज़ से बाहर हो गए है,spam,,,,,,,,,,,,,,,,
"
आज ""गाने की समर्पण दिवस"" है। तुम मेरे लिए कौन सा गाना समर्पित करोगे? इसे अपने सभी मूल्यवान दोस्तों को भेज दो…",ham,,,,,,,,,,,,,,,,
"क्लास खत्म हो गई, तुम कहाँ हो?",ham,,,,,,,,,,,,,,,,
"बेबी, मैं अब घर पर हूँ, कुछ करना है? XX",ham,,,,,,,,,,,,,,,,
मेरे पास सिर्फ MSN है - yijue@hotmail.com,ham,,,,,,,,,,,,,,,,
"बस आपकी जानकारी के लिए बता दूँ, यतु ने अभी तक पैसे नहीं भेजे हैं। मैंने उसे अभी मैसेज कर दिया है कि पैसे भेजने की ज़रूरत नहीं है",ham,,,,,,,,,,,,,,,,
"रोमांचक रात की मस्ती का वादा! क्या आप कुछ अलग और रोमांचक अनुभव करना चाहते हैं? हमारी वेबसाइट पर जुड़ें और मस्ती से भरी रातों का आनंद लें!
यहां क्लिक करें और जानें कि कैसे आपकी रातों में रोमांच भर सकता है!
मस्ती का हर पल, आपकी सभी इच्छाओं के लिए!",spam,,,,,,,,,,,,,,,,
"मैं अभी भी कार खरीदने की सोच रहा हूँ, लेकिन अब तक ड्राइविंग टेस्ट देने नहीं गया",ham,,,,,,,,,,,,,,,,
आपके अनुरोध के अनुसार 'मिले मिले (ओरु मिनामिनुंगिंटे नुरुंगु वेट्टम)' को आपका कॉलर ट्यून सेट कर दिया गया है।,ham,,,,,,,,,,,,,,,,
"जानू, तुम्हारे बिना रहना मुश्किल हो जाता है। जल्दी मिलते हैं",ham,,,,,,,,,,,,,,,,
मेरे जन्मदिन पर बधाई देने के लिए आपका बहुत-बहुत धन्यवाद। आपने मेरा दिन खास और यादगार बना दिया,ham,,,,,,,,,,,,,,,,
"हाँ, ये पूरी तरह से फॉर्म से बाहर है  क्लार्क भी बिल्कुल बेकार है",ham,,,,,,,,,,,,,,,,
आपके क्रेडिट्स को http://www.bubbletext.com पर टॉप-अप कर दिया गया है। आपका रिन्यूअल पिन है: tgxxrz,spam,,,,,,,,,,,,,,,,
"विशेष अवसर!
कॅपिटल एफएम एक भाग्यशाली सदस्य को क्रूज यात्रा + ₹20,000 का इनाम दे रहा है! भाग लेने के लिए किसी खरीदारी की आवश्यकता नहीं है! महीने के अंत से पहले शामिल हों और इस अद्भुत अवसर का लाभ उठाएं!
जुड़ें:
http://www.capitalfm.com (कैसिनो)
http://www.bettingzone.com (स्पोर्ट्सबुक)

अनन्य ऑफर्स:

क्रूज यात्रा और ₹20,000 जीतने का मौका!
10% साइन-अप बोनस!
मुफ्त कैसीनो सॉफ्टवेयर!
25 कैसीनो गेम्स!
अंतर्राष्ट्रीय स्पोर्ट्सबुक!
घुड़दौड़ पर सट्टेबाजी!
हमारा कैसीनो सुरक्षित और ऑडिटेड है।
आपका समर्थन हमारे लिए महत्वपूर्ण है। धन्यवाद!""",spam,,,,,,,,,,,,,,,,
"नमस्ते, मैं सुमन हूँ। मेरी उम्र 20 साल है और मैं एक डांस बार में काम करती हूँ। मुझे मस्ती करना बहुत पसंद है। अगर आप मुझसे बात करना चाहते हैं, तो मुझे अभी मैसेज करें - मैं अपने कमरे में हूँ। मैसेज करें ""Suman"" को 89555 पर। TextOperator G2 1DA 150ppmsg 18+",spam,,,,,,,,,,,,,,,,
"
अरे सुनो! कैसी हो? उम्मीद है सब बढ़िया है। मैं और डेल फिर से साथ हैं! बहुत समय हो गया है मिले हुए। कभी कॉल करना!",ham,,,,,,,,,,,,,,,,
ठीक है... तुम्हारा तो वही जवाब है…,ham,,,,,,,,,,,,,,,,
"प्रिय यूज़र,
आपने पहले रम्मीकल डिपॉज़िट पर ₹11001 तक का बोनस अर्जित किया है! (CC: SHUBHJIO)
यह विशेष ऑफर सिर्फ आपके लिए है। अपना कूपन क्लेम करने के लिए अभी क्लिक करें:
https://t.jio/JIOCPN/daUAl",spam,,,,,,,,,,,,,,,,
"कृपया तुरंत कॉल करें 08712404000 पर, आपके लिए एक महत्वपूर्ण संदेश प्रतीक्षा कर रहा है।",spam,,,,,,,,,,,,,,,,
मैं तुमसे बहुत प्यार करता हूँ   हर दिन तुम्हारे साथ बिताने के लिए उत्साहित रहता हूँ तुम मुझे बहुत खुश रखते हो,ham,,,,,,,,,,,,,,,,
"सर, मुझे AXIS BANK का अकाउंट नंबर और बैंक का पता चाहिए।",ham,,,,,,,,,,,,,,,,
"हम्म.. ठीक है, थोड़ा समय मिलेगा घुमने के लिए... हाँ, मुफ्त में जा सकते हैं शायद... बात करने के लिए कॉल करना पड़ेगा",ham,,,,,,,,,,,,,,,,
"विशेष ऑफर!
अब आपके कंप्यूटर स्क्रीन पर 24/7 लाइव वीडियो चैट का अनुभव! हॉट मॉडल्स से जुड़ें, लाइव बात करें, और वही करवाएं जो आप चाहें! तस्वीरें और AVI वीडियो मुफ्त में उपलब्ध!
यहां क्लिक करें: http://3521254387/terry
मेलिंग लिस्ट से हटने के लिए, इस लिंक पर जाएं: http://3448153916/remove/remove.cgi और दिए गए निर्देशों का पालन करें। या ""reply"" में ""remove"" लिखें।",spam,,,,,,,,,,,,,,,,
"क्या आप घर से काम करते हुए पैसे कमाना चाहेंगे? अपनी पसंद के घंटे चुनें, खुद अपने बॉस बनें! आसान काम, बेहतरीन कमाई!घर बैठे कमाएं!
आपके पसंद के घंटे, आपकी अपनी कमाई! खुद के बॉस बनें! आसान काम, बेहतरीन कमाई!
साप्ताहिक कमाई के कुछ उदाहरण:

लकड़ी के उत्पाद: ₹18,000 प्रति सप्ताह!
त्योहार की क्राफ्ट: ₹21,000 प्रति सप्ताह!
और भी बहुत कुछ, चुनने के लिए 75 से अधिक कंपनियां उपलब्ध!
जुड़ने के लिए कॉल करें: टोल-फ्री 1-800-600-0343, एक्सटेंशन # 2425
...और भी कई विकल्प उपलब्ध हैं! चुनने के लिए 75 से अधिक कंपनियां हैं! घर पर असेंबली वर्क के फायदों और स्वतंत्रता का आनंद लें!

अधिक जानकारी के लिए, नीचे दिए गए नंबर पर कॉल करें:
टोल-फ्री नंबर (24 घंटे) – 1-800-600-0343, एक्सटेंशन # 2425",spam,,,,,,,,,,,,,,,,
"अपनी खुद की मुफ्त वेबसाइट!
अब अपनी वेबसाइट बनाएं बिल्कुल मुफ्त! कमीशन में कमाएं और अपनी साइट को हजारों वेबसाइटों से लिंक करवाएं!
लिंक: http://138.27.44.5.cearth.on.ca/users/freewebsites

कोई शुल्क नहीं, कोई प्रतिबद्धता नहीं, कोई परेशानी नहीं!",spam,,,,,,,,,,,,,,,,
जब पैसे मिल जाएं तो मुझे बता देना ताकि रोहन कॉल कर सके।,ham,,,,,,,,,,,,,,,,
नमस्ते! आपने अभी रोहानी वी. से बात की। हम जानना चाहेंगे कि क्या आप अपने अनुभव से संतुष्ट थे। जवाब दें…,ham,,,,,,,,,,,,,,,,
"प्रिय सदस्य, एक शानदार मौका!
कॅपिटल एफएम के विशेष ड्रॉ में शामिल होकर आप क्रूज यात्रा और ₹20,000 नकद जीत सकते हैं!
इसमें भाग लेने के लिए आपको कोई खरीदारी करने की आवश्यकता नहीं है। अगले महीने के ड्रॉ में स्वचालित रूप से शामिल होने के लिए अभी जुड़ें।
अधिक जानकारी के लिए:
[लिंक 1 - कैसिनो प्लेटफ़ॉर्म]
[लिंक 2 - स्पोर्ट्सबुक]",spam,,,,,,,,,,,,,,,,
"हैलो! मेरा नाम शैनन जॉनसन है और मैं फ़ोर्ट कॉलिन्स, कोलोराडो की एक सफल मार्केटिंग फर्म, ""सक्सेस कॉन्सेप्ट्स"" का सीईओ हूं। पिछले तीन वर्षों से हमने इंटरनेट पर मार्केटिंग के अभियान चलाए हैं और अद्भुत नतीजे प्राप्त किए हैं। अब हम अपने ""गाइड – इंटरनेट पर टूटे हुए सपनों का अंत"" के माध्यम से आपके साथ अपनी सफलता के रहस्यों को साझा कर रहे हैं।

क्या आप जानते हैं कि यह कैसा लगता है जब आपकी मेलबॉक्स सुबह से ही ऑर्डर्स से भरी होती है? या जब एक साधारण सा विज्ञापन आपके फोन को ग्राहकों की कॉल्स से भर देता है? हमने इन सभी का अनुभव किया है, और अब हम आपको वह ज्ञान देने के लिए तैयार हैं जिसने हमारे जीवन को बदल दिया है।

इस गाइड में आप जानेंगे:

न्यूज़ग्रुप्स का लाभ उठाने के विशेष तरीके – आपको सिर्फ़ विज्ञापन डालने की ज़रूरत नहीं है, इसके और भी तरीके हैं!
अपने सिग फ़ाइल से कैसे ऑर्डर्स बढ़ाएं – एक सही तरीके से लिखी गई सिग फ़ाइल ही आपके लिए सोने की खान हो सकती है।
कैसे अपने वेबपेज को सर्च इंजन के टॉप पर लाएं – अधिक हिट्स पाने का रहस्य!
बिक्री बढ़ाने के लिए प्रोफेशनल दिखने वाला वेबपेज कैसे बनाएं – और आप इसे खुद बना सकते हैं।
फॉलो-अप ईमेल्स के जरिए अपनी बिक्री कैसे बढ़ाएं – सबसे शीर्ष इंटरनेट मार्केटर्स द्वारा उपयोग की जाने वाली सरल तकनीकें।
प्रभावी मेलिंग लिस्ट कैसे बनाएं – इंटरनेट पर कारोबार के लिए सबसे ज़रूरी चीज़!
और भी बहुत कुछ!

हमारा यह गाइड आमतौर पर $99.95 में उपलब्ध होता है, लेकिन इसे सीमित समय के लिए केवल $24.95 में ऑफर किया जा रहा है! साथ ही, यदि आप अगले 3 दिनों में ऑर्डर करते हैं, तो आपको मुफ्त में एक स्पेशल बोनस भी मिलेगा, जिसमें बल्क ईमेल के रहस्य और हमारे प्राइवेट डाउनलोड साइट की एक्सेस शामिल होगी। इसके अलावा, आपको हमारी विशेष इलेक्ट्रॉनिक न्यूज़लेटर सदस्यता भी मिलेगी, जहां आपको इंटरनेट मार्केटिंग के नवीनतम ट्रिक्स मिलेंगे।

तो, आज ही ऑर्डर करें और इंटरनेट पर अपनी सफलता की कहानी लिखें!",spam,,,,,,,,,,,,,,,,
"क्या आप डेटिंग में सफलता पाना चाहते हैं?
Sensations AE - एक विशेष सबलिमिनल सीडी, जो आपकी डेटिंग सफलता में सुधार करने का दावा करती है।
बस इसे सुनें और इसका प्रभाव देखें!
इसे पाने के लिए यहाँ क्लिक करें: [लिंक]",spam,,,,,,,,,,,,,,,,
"अपनी खुद की मुफ्त वेबसाइट बनाएं!
ऑनलाइन पैसे कमाने का सपना है? यहाँ जाएँ और अपनी खुद की मुफ्त वेबसाइट प्राप्त करें।
कोई शुल्क नहीं!
कोई प्रतिबद्धता नहीं!
[लिंक]",spam,,,,,,,,,,,,,,,,
मैंने इसे प्रिंट कर दिया है। तो <#> ऊपर आ जाओ,ham,,,,,,,,,,,,,,,,
"ठीक है। नहीं नहीं, बस चमक रहा हूँ। वो ""साइनिंग"" कहना था, लेकिन ये तो बेहतर ही लग रहा है",ham,,,,,,,,,,,,,,,,
"मैं वापस आ गया हूँ, जब तुम तैयार हो तो बता देना",ham,,,,,,,,,,,,,,,,7 बजे एस्पलानेड पर मिलते हैं.. क्या तुम मुझे लिफ्ट दे सकते हो? आज मेरे पास कार नहीं है
"31-Oct-24 00:40 बजे तक दैनिक 1 GB डेटा कोटा का 100% उपयोग किया जा चुका है । 
Jio नंबर : XXXXX76023 
दैनिक हाइ-स्पीड डेटा कोटा 31-Oct-24 00:42 बजे फिर से बहाल हो जाएगा । 
यह जानने के लिए कि आपने अपने डेटा कोटा का उपयोग कहाँ किया है , क्लिक करें http://tiny1 .jio.com/HelpfulTips",ham,,,,,,,,,,,,,,,,
ठीक है...,ham,,,,,,,,,,,,,,,,
"प्रिय 98123456XX,
आपके नाम पर एक खास दिवाली जैकपॉट इनाम है!
₹6,00,000 फ्री बोनस के साथ रमी गेम खेलें और 5 करोड़ तक के प्राइज पूल का हिस्सा बनें।
अभी शुरू करें: [Link]
जल्दी करें, ऑफर सीमित समय के लिए है!",spam,,,,,,,,,,,,,,,,
"क्या आप आज रात किसी से मिलने के लिए तैयार हैं? अपने मोबाइल पर वास्तविक लोकेशन पाएं। UK के सबसे बड़े नेटवर्क से जुड़ें, ""MOAN"" को 69888 पर भेजें।",spam,,,,,,,,,,,,,,,,
"ना कॉल, मैसेज, ना मिस्ड कॉल!",ham,,,,,,,,,,,,,,,,
"ठीक है, मैं जानता हूँ कि आरएम मेरी देखभाल करेगा। तो कोई चिंता नहीं",ham,,,,,,,,,,,,,,,,
"किसी भी उद्देश्य के लिए लोन ₹50,000 से ₹75,00,000 तक। मकान मालिक और किरायेदार दोनों का स्वागत है। पहले मना किया गया था? हम फिर भी आपकी मदद कर सकते हैं। फ्री कॉल करें 0800 1956669 या 'HELP' वापस मैसेज करें।",spam,,,,,,,,,,,,,,,,
7 बजे एस्पलानेड पर मिलते हैं.. क्या तुम मुझे लिफ्ट दे सकते हो? आज मेरे पास कार नहीं है।,ham,,,,,,,,,,,,,,,,
बस सो रहा हूँ... और  फ़ोन चला रहा हूँ।,ham,,,,,,,,,,,,,,,,
"
तुम्हें भी क्रिसमस की ढेर सारी शुभकामनाएँ, जान!",ham,,,,,,,,,,,,,,,,
अपने प्रिय को एक खूबसूरत लोगो भेजें - दो नाम दिल के साथ जुड़े हुए। मैसेज करें LOVE NAME1 NAME2 MOBNO जैसे LOVE RAJ PRIYA 07123456789 को 87077 पर। Yahoo! POBox36504W45WQ TxtNO 4 कोई विज्ञापन नहीं। शुल्क 150p,spam,,,,,,,,,,,,,,,,
"यह रहा आपका डिस्काउंट कोड RP176781। आगे के संदेश रोकने के लिए ""STOP"" लिखकर जवाब दें। www.regalportfolio.co.uk. ग्राहक सेवा: 08717205546",spam,,,,,,,,,,,,,,,,
क्या मस्ती में हो? मैं हूँ। इच्छुक हो? sextextuk.com पर जाकर XXUK SUZY को 69876 पर संदेश भेजें। प्रति संदेश शुल्क: 1.50। शर्तें वेबसाइट पर उपलब्ध हैं।,spam,,,,,,,,,,,,,,,,
"मुझे चोट पहुँचाओ... मुझे छेड़ो... मुझे रुलाओ... पर मेरी ज़िंदगी के अंत में, जब मैं मर जाऊँ, तो कृपया मेरी कब्र पर एक गुलाब रख देना…",ham,,,,,,,,,,,,,,,,
"खैर, मैं अब खुद ही शॉपिंग करने जा रहा हूँ। मेरी बहन अभी तक तैयार नहीं हुई है। तुझे अब डिस्टर्ब नहीं करूंगा",ham,,,,,,,,,,,,,,,,
"
वैलेंटाइन डे स्पेशल! हमारे क्विज़ में 1000 से अधिक जीतें और अपने पार्टनर के साथ ज़िंदगी की सबसे यादगार यात्रा पर जाएं! अभी GO को 83600 पर भेजें। प्रति संदेश शुल्क: 150p। ग्राहक सहायता: 08718720201।",spam,,,,,,,,,,,,,,,,
"आज के वोडा नंबर जिनका अंत 7548 है, उन्हें 350 का इनाम पाने के लिए चुना गया है। अगर आपका नंबर मेल खाता है, तो कृपया 08712300220 पर कॉल करें और अपना क्लेम कोड 4041 बताएं। सामान्य दरें लागू होती हैं।",spam,,,,,,,,,,,,,,,,
घर की चाबियाँ कहाँ हैं? गमले में तो नहीं हैं।,ham,,,,,,,,,,,,,,,,
प्राइवेट! आपका 0194 अकाउंट स्टेटमेंट नंबर 07742676969 के लिए 786 अनरीडिम्ड बोनस पॉइंट्स दिखाता है। इनाम क्लेम करने के लिए 08719180248 पर कॉल करें और पहचान कोड 45239 बताएं। एक्सपायरी डेट जल्द है।,spam,,,,,,,,,,,,,,,,
बस हाल-चाल लेने आया हूँ। सच में तुम्हें देखे हुए बहुत दिन हो गए। तुम्हारा महीना बहुत अच्छा गुजरे,ham,,,,,,,,,,,,,,,,
"अर्जेंट! आपको यूरोडिसिंक ट्रैवल के लिए एक मुफ्त यात्रा, ठहराव और एंट्री या £1000 का इनाम दिया गया है। इसे क्लेम करने के लिए DIS को 87121 पर मैसेज करें। 18+ यूजर्स, प्रति मैसेज £1.50। (अतिरिक्त शुल्क मोबाइल पर लागू)",spam,,,,,,,,,,,,,,,,
"हे डार्लिंग, 3 हफ्ते हो गए हैं और तुम्हारी कोई खबर नहीं आई! थोड़ी मस्ती करने का मन है, तुम अब भी तैयार हो? जवाब दो OK! XxX मैसेज भेजने का स्टैंडर्ड चार्ज, रिसीव करने का £1.50",spam,,,,,,,,,,,,,,,,
हाय! 😊 आज की क्लास कैसी थी,ham,,,,,,,,,,,,,,,,
अरे तुम लोग ने कभी सोचा कितना अल्कोहल लेना है? राजू और मैं अंदाज़ा लगाने की कोशिश कर रहे हैं कि कितना काफी होगा…,ham,,,,,,,,,,,,,,,,
"बधाई हो! आपके Facebook प्रोफाइल को ₹25,000 का लकी विनर चुना गया है! कन्फर्म करने के लिए तुरंत WIN25 को 9961234567 पर भेजें। यह ऑफर 24 घंटे के लिए वैध है!",spam,,,,,,,,,,,,,,,,
"नमस्ते! आपका नंबर ₹30,000/महीना वाली वर्क-फ्रॉम-होम नौकरी के लिए शॉर्टलिस्ट हुआ है। अपना आवेदन पक्का करने के लिए JOINJOB को 8901234567 पर भेजें।",spam,,,,,,,,,,,,,,,,
सिर्फ 7 दिनों में 5 किलो वजन कम करें! जादू की हर्बल पाउडर से अभी ORDER करें। अधिक जानकारी के लिए SLIM7 को 8234567019 पर भेजें।,spam,,,,,,,,,,,,,,,,
आत्मविश्वास बढ़ाने का मौका! बिना किसी साइड इफेक्ट्स के प्राकृतिक उपाय। TRYFREE को 9961234567 पर भेजें और डिस्काउंट पाएं।,spam,,,,,,,,,,,,,,,,
"हाहा, ठीक है ठीक है चीकू 😄",ham,,,,,,,,,,,,,,,,
सभी मोबाइल एक्सेसरीज पर 30% की छूट। ऑफर केवल इस महीने के अंत तक वैध है। वेबसाइट पर जाएं और कूपन ‘SAVE30’ का उपयोग करें।,spam,,,,,,,,,,,,,,,,
"आज है सॉरी डे! अगर कभी मुझसे कोई गलती हुई हो, या मैंने तुम्हें कभी नाराज किया हो या किसी तरह से तुम्हें चोट पहुंचाई हो, तो प्लीज प्लीज बस एक सॉरी के साथ माफ कर देना",ham,,,,,,,,,,,,,,,,
क्या आप लोन से परेशान हैं? ₹299 में हमारे विशेषज्ञ से कर्ज-मुक्ति पर सलाह लें। कर्ज से आजादी पाने के लिए LOANFREE को 564567 पर भेजें।,spam,,,,,,,,,,,,,,,,
"जरूरत पर तुरंत लोन पाएं - ₹10,000 से ₹5,00,000 तक। किसी गारंटी की आवश्यकता नहीं। APPLY को 8901234567 पर भेजें।",spam,,,,,,,,,,,,,,,,
"हाय, उम्मीद है कि ये मैसेज तुम्हें मिले। यात्रा ठीक नहीं रही, अब मैं लगभग 50 मिनट लेट हूँ।",ham,,,,,,,,,,,,,,,,
अब त्योहार की शॉपिंग पर 70% तक की छूट! DISCOUNT को 8234567019 पर भेजें और ऑफर का लाभ उठाएं।,spam,,,,,,,,,,,,,,,,
तुम्हें मुझे जगाना चाहिए था >:(,ham,,,,,,,,,,,,,,,,
आपके वॉलेट में ₹500 का वाउचर पेंडिंग है। वाउचर क्लेम करने के लिए ऐप में लॉगिन करें और KYC प्रोसेस पूरा करें।,spam,,,,,,,,,,,,,,,,
₹199 में माइक्रोसॉफ्ट ऑफिस का लाइफटाइम एक्सेस पाएं। LIMITED ओफ़र - DETAILS को 8837492211 पर भेजें।,spam,,,,,,,,,,,,,,,,
"आज ही iPhone 14 खरीदें केवल ₹45,000 में। सीमित स्टॉक! ORDER को 564567 पर भेजें।",spam,,,,,,,,,,,,,,,,
"सॉरी, मैं बाद में कॉल करूँगा।",ham,,,,,,,,,,,,,,,,
इसके लिए धन्यवाद! आशा है कि तुम्हारा दिन आज अच्छा गुजरा होगा।,ham,,,,,,,,,,,,,,,,
"बधाई हो! आपका नाम ₹50,000 की छात्रवृत्ति के लिए चयनित हुआ है। आवेदन करने के लिए APPLY को 8949434567 पर भेजें। केवल सीमित सीटें उपलब्ध।",spam,,,,,,,,,,,,,,,,
लिमिटेड ऑफर! अब BMW X5 सिर्फ ₹5 लाख में। तुरंत BOOKING के लिए CARDEAL को 8001234567 पर भेजें।,spam,,,,,,,,,,,,,,,,
"सॉरी, मेरी बैटरी खत्म हो गई। मैं आ सकता हूँ, लेकिन अभी मैं सिर्फ एक लाने वाला हूँ। तुम्हारा घर कहाँ है?",ham,,,,,,,,,,,,,,,,
₹5000 तक का कैशबैक पाएं Flipkart की खरीदारी पर। डिटेल्स के लिए CASHBACK को 567019 पर भेजें।,spam,,,,,,,,,,,,,,,,
"जैसे-जैसे हंसी की गूंज और त्योहारों की ताजगी हवा में बसी हुई है, चलो हम सब मिलकर इस सुखद क्षण को संजोएं और नए यादों को जीवित करें!

अपनी उत्तेजना को थामें, क्योंकि यह केवल एक और पोस्ट दिवाली डीजे रात नहीं है, बल्कि यह रात एकदम अनोखी होने वाली है। तैयार हो जाइए शानदार प्रदर्शन, मजेदार खेल और रात के आसमान में सबसे चमकीले आकाश दीपों के साथ बहुत सारे अन्य मजेदार गतिविधियों के लिए!

**तारीख:** 02/11/2024  
**समय:** 5:00 PM से आगे  
**स्थान:** जिमखाना पार्क

**अक्सर पूछे जाने वाले प्रश्न:** क्या आकाश दीप प्रदान किए जाएंगे?  
बिल्कुल, बिल्कुल!",ham,,,,,,,,,,,,,,,,
"जन्मदिन मुबारक हो मोहित🥳🥳🥳✨✨✨✨✨🎂🎂🎂🎂
सभी को आज रात 10 बजे GPL में आमंत्रित किया जाता है..
भगवान आपको आशीर्वाद दें😅",ham,,,,,,,,,,,,,,,,
"**हे रंजन कुमार! 😊**  
आपका 1:1 मेंटॉरशिप ट्रायल सत्र निधि गुप्ता के साथ 6/11/2024 को रात 9:00 बजे निर्धारित है।  
मेंटोर आपकी समय पर सत्र में शामिल होने की पुष्टि की प्रतीक्षा कर रहे हैं😊  

कृपया नीचे पुष्टि करें कि आप सत्र में शामिल होंगे 👇  

**हमें उम्मीद है कि आप भी उतने ही उत्साहित हैं जितना हम हैं!🚀**  
**कोई प्रतिक्रिया न देने पर स्वतः रद्दीकरण हो सकता है",ham,,,,,,,,,,,,,,,,
"FPS मार्केट में रेडिमेड है, उन लोगों के पास फॉर्म सीधे बोलो कि स्टाइपेंड फॉर्म देने।",ham,,,,,,,,,,,,,,,,
महत्वपूर्ण: आपके खाते में असामान्य गतिविधि पाई गई है। कृपया 24 घंटे के भीतर अपने नेटबैंकिंग प्रोफ़ाइल में लॉगिन कर वेरिफिकेशन पूरा करें।,spam,,,,,,,,,,,,,,,,
सिर्फ ₹99 में फुल बॉडी चेकअप का मौका। अपनी हेल्थ का ख्याल रखें! BOOK को 564567 पर भेजें। ऑफर सीमित समय के लिए।,spam,,,,,,,,,,,,,,,,
"सदियों की शृंखला में बसा, छठ का अनुपम इतिहास है,
आर्यावर्त की पुण्य भूमि का यह दिव्य सनातन प्रयास है।
महाभारत में द्रौपदी ने किया तप का आह्वान,
सूर्योपासना से मिला पांडवों को अजेय संज्ञान।

अवधपुरी में राम-सीता ने यह व्रत निभाया,
सूर्यनमस्कारी छठ महिमा का यश फैलाया।
पीढ़ी दर पीढ़ी यह परंपरा संजोई रही,
अटल आस्था का दीप हर युग में प्रज्वलित रही।

जय छठी मैया 🙏",ham,,,,,,,,,,,,,,,,
30% तक टैक्स में बचत करें और ₹499 में टैक्स प्लानिंग विशेषज्ञ की सलाह पाएं। TAXSAVE को 564567 पर भेजें।,spam,,,,,,,,,,,,,,,,
मारे कमरे में किसी समय आओ ताकि हम इस वीकेंड की योजना को ठीक से बना सकें,ham,,,,,,,,,,,,,,,,
तुम मुझे देख सकते थे.. मैंने तुम्हें पहचान नहीं पाया। :),ham,,,,,,,,,,,,,,,,
"फ्री चार्ज ऑफर! नया वॉलेट ऐप इंस्टॉल करने पर ₹50 का फ्री रिचार्ज पाएं। जल्द करें, ऑफर सीमित यूजर्स के लिए है।",spam,,,,,,,,,,,,,,,,
"मैं सच में सो रहा था और शायद अभी भी सोऊँगा जब तुम वापस कॉल करोगी। इसलिए एक टेक्स्ट ठीक है। तुम बहुत अच्छे हो, बहनI। बाद में फूल भेजूँगा।",ham,,,,,,,,,,,,,,,,
"Ai CR शुभांशु, कल डीएस कक्षा का समय 10 से 11 बजे है या 1 से 2 बजे? कृपया पुष्टि करें",ham,,,,,,,,,,,,,,,,
"डेटा साइंस असाइनमेंट

कार्य 1: हिंदी में स्पैम और हैम SMS एकत्र करें और लेबल लगाएं।
प्रत्येक छात्र को 200 SMS एकत्र करने हैं।
स्पैम की संख्या 30-50% हो सकती है।
संदेशों में कोई पुनरावृत्ति नहीं होनी चाहिए।
आवृत्ति, तिथि: 7 नवंबर।",ham,,,,,,,,,,,,,,,,
"हाँ, कोई जरूरत नहीं। मैं बस बारिश के थमने का इंतज़ार करूंगा",ham,,,,,,,,,,,,,,,,
"कुछ नहीं। मेरा मतलब है कि जब पैसा आपके खाते में आता है, तो बैंक अपनी निश्चित दर हटा देगा",ham,,,,,,,,,,,,,,,,
क्या तुम अभी फ्री हो? क्या मैं अभी कॉल कर सकता हूँ?,ham,,,,,,,,,,,,,,,,
"नहीं... मुझे लगता है कि मैं इसे सोमवार को करूँगा... माफ करना, मैंने देर से जवाब दिया।",ham,,,,,,,,,,,,,,,,
"बस एक रात्रि का अंतराल, फिर छठ का महापर्व आएगा,
सूर्योपासना के इस पुनीत क्षण में तन-मन रम जाएगा।
भक्ति की भास्वर किरणों से आलोकित होंगे घाट,
सर्वत्र फैलेगी आस्था, नव ऊर्जा का होगा संचार।",ham,,,,,,,,,,,,,,,,
"हेलो मेरे प्यारे... गी, मैं तुम्हें पहले से ही मिस कर रही हूँ और मैं अभी जागी हूँ। काश तुम मेरे साथ में होते..",ham,,,,,,,,,,,,,,,,
"अगर आप मुझसे बात करना चाहें, तो मुझे कॉल कर लें। मुझे बस किसी से बात करने की जरूरत है",ham,,,,,,,,,,,,,,,,
"एक ऑपरेटिंग सिस्टम है जिसका नाम उबंटू है, जो बिना हार्ड डिस्क में इंस्टॉल किए चलाया जा सकता है। आप इस OS का उपयोग कर सकते हैं…",ham,,,,,,,,,,,,,,,,
"ठीक है, कोई बात नहीं। अपना समय लो।",ham,,,,,,,,,,,,,,,,
थका हुआ हूँ। पिछले कुछ रातों से अच्छी नींद नहीं आई है,ham,,,,,,,,,,,,,,,,
"🌟आपको फुल टाइम जॉब मिल सकता है! ₹30,000 तक कमाएं! 👩‍💻 अभी आवेदन करें: www.jb-xyz.com/req2 📅 सीमित अवसर!",spam,,,,,,,,,,,,,,,,
लोन्स बिना किसी प्रोसेसिंग फीस के! अभी आवेदन करें और आपके बैंक खाते में सीधा पैसा पाएं। तुरंत रजिस्टर करें: www.quickloans.co.in।,spam,,,,,,,,,,,,,,,,
"हां, तुम्हें करना चाहिए। मुझे लगता है कि तुम अब अपने जीटी एटीएम का उपयोग करके रजिस्टर कर सकते हो। पक्का नहीं, लेकिन अगर कोई तरीका है तो मैं देखूंगा..",ham,,,,,,,,,,,,,,,,
आखिरकार मैच आपकी भविष्यवाणी के अनुसार ड्रॉ की ओर बढ़ रहा है,ham,,,,,,,,,,,,,,,,
"जैसे ही मैं अपनी केबिन में गया, मेरी PA ने कहा, ""जन्मदिन मुबारक हो, बॉस!"" मुझे खास महसूस हुआ। उसने मुझसे लंच के लिए पूछा। इसके बाद…",ham,,,,,,,,,,,,,,,,
मैंने तुम्हें <#> रुपये भेजे।,ham,,,,,,,,,,,,,,,,
🔥अपना वजन कम करें! 70% छूट पर हेल्थ सप्लीमेंट्स! 🌿 अभी खरीदें: www.health-sale.com/dl123 💊 कोड: HEALTHY-20।,spam,,,,,,,,,,,,,,,,
"नमस्ते! Google में ₹50,000 प्रति माह की जॉब पोज़िशन उपलब्ध है। तुरंत आवेदन करें और इंटरव्यू स्लॉट बुक करें: www.jobatgoogle.com/apply।",spam,,,,,,,,,,,,,,,,
वाह :) आखिरकार मैंने काम पूरा कर लिया :),ham,,,,,,,,,,,,,,,,
तुमने किताब पढ़ा?,ham,,,,,,,,,,,,,,,,
